Culmen Length (mm),Culmen Depth (mm),Flipper Length (mm),Body Mass (g),Delta 15 N (o/oo),Delta 13 C (o/oo),Clutch Completion,Sex,Species
36.0,17.8,195.0,3450.0,8.94332,-25.79189,0,1,0
41.4,18.6,191.0,3700.0,8.35396,-26.27853,0,0,0
36.6,18.4,184.0,3475.0,8.68744,-25.8306,0,1,0
36.2,16.1,187.0,3550.0,7.82381,-26.51382,0,1,0
41.1,17.6,182.0,3200.0,8.733381696969698,-25.6862915407855,0,1,0
40.8,18.4,195.0,3900.0,8.733381696969698,-25.6862915407855,0,0,0
46.8,15.4,215.0,5150.0,8.1631,-25.38017,0,0,2
49.7,18.6,195.0,3600.0,9.75486,-24.31198,0,0,1
49.3,15.7,217.0,5850.0,8.07137,-25.52473,0,0,2
45.6,19.4,194.0,3525.0,9.46985,-24.65786,0,1,1
45.7,17.3,193.0,3600.0,9.415,-24.805,0,1,1
45.7,13.9,214.0,4400.0,8.6287,-26.60484,0,1,2
39.0,17.5,186.0,3550.0,8.57199,-26.07188,0,1,0
37.8,18.1,193.0,3750.0,8.97533,-26.03495,0,0,0
48.8,16.2,222.0,6000.0,8.33825,-25.88547,0,0,2
45.8,14.2,219.0,4700.0,8.60447,-26.61601,0,1,2
42.2,19.5,197.0,4275.0,8.80186,-26.41218,0,0,0
49.8,17.3,198.0,3675.0,9.32169,-24.41562,0,1,1
50.5,19.6,201.0,4050.0,9.8059,-24.7294,0,0,1
45.0,15.4,220.0,5050.0,8.63488,-26.75621,0,0,2
37.3,20.5,199.0,3775.0,9.49645,-26.36678,0,0,0
54.2,20.8,201.0,4300.0,9.49283,-24.59996,0,0,1
46.0,21.5,194.0,4200.0,9.11616,-24.77227,0,0,0
52.8,20.0,205.0,4550.0,9.25177,-24.69638,0,0,1
48.6,16.0,230.0,5800.0,8.5964,-26.71199,0,0,2
35.9,16.6,190.0,3050.0,8.47781,-26.07821,1,1,0
45.9,17.1,190.0,3575.0,9.12277,-24.90024,0,1,1
49.1,14.5,212.0,4625.0,8.35802,-26.2766,0,1,2
43.5,14.2,220.0,4700.0,8.64931,-26.68867,0,1,2
42.5,20.7,197.0,4500.0,8.67538,-25.13993,0,0,0
44.4,17.3,219.0,5250.0,8.13746,-26.79093,0,0,2
50.5,15.2,216.0,5000.0,8.24691,-26.18466,0,1,2
41.5,18.3,195.0,4300.0,8.52566,-26.0245,0,0,0
45.2,15.8,215.0,5300.0,8.55868,-26.67799,0,0,2
52.0,19.0,197.0,4150.0,9.36799,-24.47142,1,0,1
50.3,20.0,197.0,3300.0,10.02019,-24.54704,1,0,1
37.7,19.8,198.0,3500.0,9.11066,-26.42563,1,0,0
36.8,18.5,193.0,3500.0,8.98705,-25.57647,0,1,0
43.8,13.9,208.0,4300.0,8.58319,-26.84415,0,1,2
46.5,17.9,192.0,3500.0,9.03935,-24.30229,1,1,1
50.7,15.0,223.0,5550.0,8.63551,-26.74249,0,0,2
51.4,19.0,201.0,3950.0,9.43782,-24.36202,0,0,1
51.0,18.8,203.0,4100.0,9.23196,-24.17282,0,0,1
49.5,16.2,229.0,5800.0,8.49854,-26.74809,0,0,2
46.2,17.5,187.0,3650.0,9.61734,-24.66188,0,1,1
54.3,15.7,231.0,5650.0,8.49662,-26.84166,0,0,2
45.2,17.8,198.0,3950.0,8.88942,-24.49433,0,1,1
43.2,18.5,192.0,4100.0,8.97025,-26.03679,0,0,0
38.8,17.6,191.0,3275.0,8.88098,-25.89741,0,1,0
41.3,20.3,194.0,3550.0,9.14863,-26.09635,0,0,0
50.9,19.1,196.0,3550.0,10.02372,-24.86594,0,0,1
39.5,16.7,178.0,3250.0,9.69756,-25.11223,0,1,0
50.5,15.9,222.0,5550.0,8.46894,-26.60436,0,0,2
35.7,16.9,185.0,3150.0,8.96472,-26.40943,0,1,0
39.6,20.7,191.0,3900.0,8.80967,-26.78958,0,1,0
45.4,14.6,211.0,4800.0,8.24515,-25.46782,0,1,2
49.0,19.5,210.0,3950.0,9.53262,-24.66867,0,0,1
36.3,19.5,190.0,3800.0,8.57087,-26.22227,0,0,0
39.8,19.1,184.0,4650.0,8.733381696969698,-25.6862915407855,1,0,0
39.6,17.7,186.0,3500.0,8.46616,-26.12989,0,1,0
55.9,17.0,228.0,5600.0,8.3118,-26.35425,0,0,2
48.7,15.1,222.0,5350.0,7.96491,-25.39587,0,0,2
49.6,16.0,225.0,5700.0,8.38324,-26.84272,1,0,2
40.5,18.9,180.0,3950.0,8.90027,-25.11609,1,0,0
36.6,17.8,185.0,3700.0,8.733381696969698,-25.6862915407855,0,1,0
51.3,19.9,198.0,3700.0,8.79581,-24.36088,0,0,1
46.6,14.2,210.0,4850.0,8.38289,-26.86352,0,1,2
36.5,16.6,181.0,2850.0,9.07878,-25.88156,0,1,0
50.0,15.9,224.0,5350.0,8.20042,-26.39677,0,0,2
49.1,15.0,228.0,5500.0,8.65914,-25.79203,0,0,2
50.0,15.3,220.0,5550.0,8.30515,-25.19017,0,0,2
45.4,18.7,188.0,3525.0,8.64701,-24.62717,0,1,1
34.6,21.1,198.0,4400.0,8.55583,-25.22588,0,0,0
36.0,17.9,190.0,3450.0,9.51784,-25.07683,0,1,0
40.9,13.7,214.0,4650.0,8.19579,-25.3933,1,1,2
44.1,18.0,210.0,4000.0,9.10702,-26.01363,0,0,0
46.4,17.8,191.0,3700.0,9.37369,-24.52896,0,1,1
49.6,15.0,216.0,4750.0,8.26548,-26.7699,0,0,2
37.6,19.1,194.0,3750.0,9.108,-25.89677,0,0,0
50.8,19.0,210.0,4100.0,9.98044,-24.68741,0,0,1
50.8,18.5,201.0,4450.0,9.45827,-24.35575,0,0,1
42.8,14.2,209.0,4700.0,7.63452,-25.46327,0,1,2
36.2,17.3,187.0,3300.0,8.90723,-26.30037,0,1,0
38.1,17.6,187.0,3425.0,8.717,-25.77951,0,1,0
46.4,18.6,190.0,3450.0,9.32105,-24.64162,0,1,1
40.2,17.1,193.0,3400.0,9.2881,-25.54976,0,1,0
46.7,17.9,195.0,3300.0,9.74144,-24.59467,1,1,1
41.7,14.7,210.0,4700.0,8.12311,-26.44815,0,1,2
52.0,18.1,201.0,4050.0,9.0233,-24.38933,0,0,1
38.1,18.6,190.0,3700.0,8.10277,-26.50086,0,1,0
55.8,19.8,207.0,4000.0,9.70465,-24.53494,0,0,1
43.5,15.2,213.0,4650.0,8.21634,-26.11046,0,1,2
40.2,20.1,200.0,3975.0,8.95998,-26.32601,0,0,0
37.2,19.4,184.0,3900.0,8.3554,-26.44787,0,0,0
34.4,18.4,184.0,3325.0,8.47827,-25.23319,0,1,0
43.1,19.2,197.0,3500.0,8.86495,-26.1396,1,0,0
44.9,13.8,212.0,4750.0,8.11238,-26.20372,0,1,2
39.7,17.7,193.0,3200.0,9.02657,-26.06203,0,1,0
41.8,19.4,198.0,4450.0,8.86853,-26.06209,1,0,0
47.2,15.5,215.0,4975.0,8.30817,-26.21651,0,1,2
55.1,16.0,230.0,5850.0,8.08354,-26.18161,0,0,2
39.3,20.6,190.0,3650.0,8.66496,-25.29805,0,0,0
43.6,13.9,217.0,4900.0,8.27141,-26.7765,0,1,2
46.9,14.6,222.0,4875.0,7.8881,-26.04726,0,1,2
35.0,17.9,192.0,3725.0,8.84451,-26.28055,0,1,0
43.2,16.6,187.0,2900.0,9.35416,-25.01185,1,1,1
37.3,17.8,191.0,3350.0,8.32718,-26.38396,0,1,0
42.5,17.3,187.0,3350.0,9.56534,-24.60882,0,1,1
38.2,20.0,190.0,3900.0,9.59245,-25.70711,0,0,0
46.5,14.8,217.0,5200.0,8.58487,-26.5929,0,1,2
38.7,19.0,195.0,3450.0,9.18528,-25.06691,0,1,0
39.2,21.1,196.0,4150.0,9.15308,-25.03469,0,0,0
50.8,17.3,228.0,5600.0,8.27428,-26.30019,0,0,2
49.5,16.1,224.0,5650.0,8.83352,-25.69195,0,0,2
41.1,19.1,188.0,4100.0,8.71078,-25.81012,0,0,0
33.1,16.1,178.0,2900.0,9.04218,-26.15775,0,1,0
45.6,20.3,191.0,4600.0,8.65466,-26.32909,0,0,0
40.7,17.0,190.0,3725.0,9.05674,-25.79529,0,0,0
47.5,14.2,209.0,4600.0,8.39299,-26.78733,0,1,2
45.2,14.8,212.0,5200.0,8.24246,-26.11969,0,1,2
45.5,14.5,212.0,4750.0,8.15566,-26.22848,0,1,2
46.6,17.8,193.0,3800.0,8.95063,-24.59897,0,1,1
45.5,13.7,214.0,4650.0,7.77672,-25.4168,0,1,2
38.9,17.8,181.0,3625.0,9.18718,-25.21799,1,1,0
51.9,19.5,206.0,3950.0,8.733381696969698,-23.78767,0,0,1
52.1,17.0,230.0,5550.0,8.27595,-26.11657,0,0,2
48.2,15.6,221.0,5100.0,8.24651,-26.66958,0,0,2
39.7,18.9,184.0,3550.0,8.85699,-25.80208,0,0,0
53.5,19.9,205.0,4500.0,10.02544,-24.90816,1,0,1
40.6,19.0,199.0,4000.0,9.22537,-25.60826,0,0,0
43.3,13.4,209.0,4400.0,8.13643,-25.32176,0,1,2
46.2,14.9,221.0,5300.0,8.60092,-26.84374,0,0,2
51.3,19.2,193.0,3650.0,9.29078,-24.7557,0,0,1
34.1,18.1,193.0,3475.0,8.733381696969698,-25.6862915407855,0,-1,0
37.6,19.3,181.0,3300.0,9.41131,-25.04169,1,1,0
43.5,18.1,202.0,3400.0,9.37608,-24.40753,1,1,1
40.5,17.9,187.0,3200.0,8.08138,-25.49448,0,1,0
35.5,16.2,195.0,3350.0,8.56192,-25.95541,0,1,0
39.2,19.6,195.0,4675.0,9.4606,-24.89958,1,0,0
45.3,13.7,210.0,4300.0,8.37615,-26.72791,0,1,2
42.9,17.6,196.0,4700.0,8.63259,-26.23027,0,0,0
49.1,14.8,220.0,5150.0,7.89744,-26.63405,0,1,2
42.1,19.1,195.0,4000.0,9.05736,-25.81513,0,0,0
44.5,14.7,214.0,4850.0,8.20106,-26.16524,0,1,2
42.5,16.7,187.0,3350.0,9.36668,-24.45195,0,1,1
47.6,18.3,195.0,3850.0,8.83502,-24.65859,0,1,1
46.8,16.1,215.0,5500.0,8.32359,-26.05756,0,0,2
36.7,18.8,187.0,3800.0,7.88494,-26.24837,0,1,0
40.6,18.6,183.0,3550.0,8.93997,-25.36288,0,0,0
37.2,18.1,178.0,3900.0,9.72764,-25.0102,0,0,0
34.5,18.1,187.0,2900.0,8.41837,-26.54718,0,1,0
37.0,16.5,185.0,3400.0,8.61651,-26.07021,1,1,0
37.0,16.9,185.0,3000.0,9.36392,-25.01745,0,1,0
50.1,17.9,190.0,3400.0,9.46819,-24.45721,0,1,1
40.6,17.2,187.0,3475.0,9.23408,-26.01549,0,0,0
48.1,16.4,199.0,3325.0,9.46929,-24.48403,0,1,1
41.1,18.6,189.0,3325.0,9.32277,-26.09989,0,0,0
53.4,15.8,219.0,5500.0,8.41017,-26.33867,0,0,2
38.2,18.1,185.0,3950.0,8.43423,-25.22664,0,0,0
48.5,14.1,220.0,5300.0,8.39867,-26.79358,0,0,2
42.8,18.5,195.0,4250.0,8.2993,-26.38986,0,0,0
46.5,14.5,213.0,4400.0,7.90436,-25.3947,0,1,2
38.8,17.2,180.0,3800.0,9.63954,-25.29856,0,0,0
49.8,16.8,230.0,5700.0,8.47067,-26.69166,0,0,2
36.0,18.5,186.0,3100.0,9.50772,-25.03492,0,1,0
38.1,17.0,181.0,3175.0,9.79532,-25.27385,0,1,0
46.0,18.9,195.0,4150.0,8.47173,-24.29229,0,1,1
50.8,15.7,226.0,5200.0,8.27102,-26.11244,0,0,2
46.2,14.1,217.0,4375.0,8.30231,-25.96013,0,1,2
37.5,18.9,179.0,2975.0,8.733381696969698,-25.6862915407855,0,-1,0
49.0,19.6,212.0,4300.0,9.34089,-24.45189,0,0,1
47.0,17.3,185.0,3700.0,8.72037,-24.80526,0,1,1
50.2,14.3,218.0,5700.0,7.8962,-25.37746,0,0,2
37.8,20.0,190.0,4250.0,9.51929,-25.69199,0,0,0
50.2,18.7,198.0,3775.0,9.39305,-24.25255,0,1,1
35.6,17.5,191.0,3175.0,8.75984,-25.97696,0,1,0
50.0,15.2,218.0,5700.0,8.2554,-25.40075,0,0,2
32.1,15.5,188.0,3050.0,8.79787,-26.61075,0,1,0
52.2,18.8,197.0,3450.0,9.77528,-24.56481,0,0,1
46.1,15.1,215.0,5100.0,7.83733,-25.42826,0,0,2
49.9,16.1,213.0,5400.0,8.3639,-26.15531,0,0,2
45.3,13.8,208.0,4200.0,8.65015,-26.79053,0,1,2
36.2,17.2,187.0,3150.0,9.04296,-26.19444,1,1,0
42.0,20.2,190.0,4250.0,9.13362,-25.09368,0,-1,0
50.1,15.0,225.0,5000.0,8.50153,-26.61414,0,0,2
40.2,17.0,176.0,3450.0,9.30722,-25.61039,0,1,0
51.1,16.3,220.0,6000.0,8.40327,-26.76821,0,0,2
40.3,18.0,195.0,3250.0,8.36821,-25.33302,0,1,0
39.7,17.9,193.0,4250.0,9.25769,-25.88798,1,0,0
47.5,14.0,212.0,4875.0,8.12691,-26.23613,0,1,2
45.2,13.8,215.0,4750.0,8.24694,-26.65359,0,1,2
47.4,14.6,212.0,4725.0,8.19101,-26.24369,0,1,2
40.9,18.9,184.0,3900.0,8.79665,-25.14591,0,0,0
37.9,18.6,193.0,2925.0,9.02642,-25.86482,0,1,0
37.8,17.3,180.0,3700.0,8.733381696969698,-25.6862915407855,0,-1,0
36.7,19.3,193.0,3450.0,8.76651,-25.32426,0,1,0
50.4,15.7,222.0,5750.0,8.30166,-26.04117,0,0,2
50.7,19.7,203.0,4050.0,9.93727,-24.59066,0,0,1
37.5,18.5,199.0,4475.0,8.56708,-26.49288,0,0,0
36.5,18.0,182.0,3150.0,9.68933,-24.4228,0,1,0
48.5,15.0,219.0,4850.0,8.10231,-26.18763,0,1,2
37.6,17.0,185.0,3600.0,8.58063,-26.21569,0,1,0
44.5,14.3,216.0,4100.0,7.96621,-25.69327,0,-1,2
46.8,14.3,215.0,4850.0,8.41151,-26.13832,0,1,2
36.4,17.1,184.0,2850.0,8.62623,-26.1165,0,1,0
50.6,19.4,193.0,3800.0,9.28153,-24.97134,1,0,1
49.8,15.9,229.0,5950.0,8.29226,-26.21019,0,0,2
59.6,17.0,230.0,6050.0,7.76843,-25.6821,0,0,2
49.4,15.8,216.0,4925.0,8.03624,-26.06594,0,0,2
44.1,19.7,196.0,4400.0,9.2372,-24.52698,0,0,0
39.6,17.2,196.0,3550.0,8.33524,-26.55351,0,1,0
39.1,18.7,181.0,3750.0,8.733381696969698,-25.6862915407855,0,0,0
35.2,15.9,186.0,3050.0,8.81668,-25.95399,0,1,0
39.2,18.6,190.0,4250.0,9.11006,-25.79549,0,0,0
48.5,17.5,191.0,3400.0,9.42666,-24.26375,0,0,1
43.2,19.0,197.0,4775.0,9.31735,-25.45171,0,0,0
49.3,19.9,203.0,4050.0,9.88809,-24.59513,0,0,1
47.5,15.0,218.0,4950.0,8.29671,-26.08547,0,1,2
48.1,15.1,209.0,5500.0,8.45738,-26.22664,0,0,2
52.7,19.8,197.0,3725.0,9.00642,-24.61867,0,0,1
35.5,17.5,190.0,3700.0,8.70642,-26.15003,0,1,0
34.0,17.1,185.0,3400.0,8.01485,-26.69543,0,1,0
39.0,18.7,185.0,3650.0,9.22033,-26.03442,0,0,0
36.9,18.6,189.0,3500.0,8.59147,-26.08165,0,1,0
48.2,14.3,210.0,4600.0,7.6887,-25.50811,0,1,2
52.2,17.1,228.0,5400.0,8.36701,-25.89834,0,0,2
50.5,15.9,225.0,5400.0,8.65803,-26.57585,1,0,2
46.2,14.4,214.0,4650.0,8.24253,-26.8154,0,-1,2
42.2,18.5,180.0,3550.0,8.04787,-25.49523,0,1,0
46.3,15.8,215.0,5050.0,7.90971,-25.38157,0,0,2
47.3,15.3,222.0,5250.0,8.733381696969698,-25.6862915407855,0,0,2
43.3,14.0,208.0,4575.0,8.4207,-26.38092,0,1,2
40.1,18.9,188.0,4300.0,8.51362,-26.55602,0,0,0
46.4,15.0,216.0,4700.0,8.47938,-26.9547,0,1,2
37.3,16.8,192.0,3000.0,9.06829,-25.85203,0,1,0
47.6,14.5,215.0,5400.0,8.2345,-25.54456,0,0,2
47.7,15.0,216.0,4750.0,8.53018,-26.72751,0,1,2
42.0,13.5,210.0,4150.0,7.63884,-25.52627,0,1,2
